<?xml version="1.0" encoding="UTF-8" standalone="yes"?>
<addon id="plugin.video.retrotv"
       name="[COLOR gold]RetroTv[/COLOR]"
       version="0.0.1"
       provider-name="jgames">
  <requires>
    <import addon="xbmc.python" version="2.1.0"/>
	<import addon="plugin.video.f4mTester"/>
	<import addon="program.plexus" />
	<import addon="script.module.routing" />
	<import addon="plugin.video.youtube" optional="true" />
	<import addon="plugin.video.youtube" version="5.0.0"/>
	<import addon="script.module.liveresolver" version="0.1.24" optional="true"/>
	<import addon="script.module.simple.downloader" version="1.9.5"/>
	<import addon="script.module.addon.common" />
    <import addon="script.module.beautifulsoup" version="3.2.1"/>
    <import addon="script.module.simple.downloader" version="0.9.4"/>
    <import addon="script.module.beautifulsoup4" />
    <import addon="script.module.addon.common" version="2.0.0"/>
    <import addon="script.module.universalscrapers" version="" />
    <import addon="script.module.python.koding.aio" version="" />
	<import addon="script.module.requests" />
    <import addon="script.module.httplib2" />
	<import addon="script.common.plugin.cache" version="2.5.2"/>
	<import addon="script.module.metahandler" version="2.5.1"/>
    <import addon="script.module.liveresolver" version="0.1.24" optional="true"/>
    <import addon="script.module.youtube.dl" optional="true"/>
    <import addon="script.module.xmltodict" version="0.9.0" />
    <import addon="script.module.urlresolver" optional="true"/>
    <import addon="script.module.simplejson" />    
     <import addon="script.module.livestreamer" optional="true"/>
     <import addon="script.module.pyamf" optional="true"/>
  </requires>
  <extension point="xbmc.python.pluginsource" library="default.py">
    <provides>video</provides>
  </extension>

  <extension point="xbmc.addon.repository" name="JGG">
        <info>https://raw.githubusercontent.com/javilucy609/ReporJGG/master/Repositorio/addons.xml</info>
        <checksum>https://raw.githubusercontent.com/javilucy609/ReporJGG/master/Repositorio/addons.xml.md5</checksum>
        <datadir zip="true">https://raw.githubusercontent.com/javilucy609/master/Repositorio/</datadir>
    </extension>
	
  <extension point="xbmc.addon.metadata">
    <summary>Creado por JGG</summary>
    <description>retrotv 2018</description>
    <platform>all</platform>
  </extension>
</addon>
