<?xml version="1.0" encoding="UTF-8" standalone="yes"?>
<addon id="repository.JGG" name="[COLOR lime]JGG[/COLOR] Repo" version="1.0.0" provider-name="Jgg">
    <extension point="xbmc.addon.repository" name="JGG">
        <info>https://raw.githubusercontent.com/javilucy609/ReporJGG/master/Repositorio/addons.xml</info>
        <checksum>https://raw.githubusercontent.com/javilucy609/ReporJGG/master/Repositorio/addons.xml.md5</checksum>
        <datadir zip="true">https://raw.githubusercontent.com/javilucy609/master/Repositorio/</datadir>
    </extension>
    <extension point="xbmc.addon.metadata">
        <summary>Repositorio para Mi</summary>
        <description></description>
        <disclaimer></disclaimer>
        <platform>all</platform>
    </extension>
</addon>
