<?xml version="1.0" encoding="UTF-8" standalone="yes"?>
<addon id="TotalWizard" 
	   name="TotalWizard" 
	   version="1.0" 
	   provider-name="JORGY"> 
  <requires>
    <import addon="xbmc.python" version="2.1.0"/>
  </requires>
  <extension point="xbmc.python.pluginsource" library="default.py">
        <provides>executable</provides>
  </extension>
  <extension point="xbmc.addon.metadata">
    <summary>Wizard</summary>
    <description>Kodi autoinstalable muy completo, creado por Jorge</description>
    <platform>all</platform>
  </extension>
</addon>
